title,author,author_des,date,views,loves,zans,comment_num,url
腾讯面试题：给视频设计一个评分功能？,june,某不知名创业公司产品负责人，校园创业者,2020-03-31,1,0,0,0,http://www.woshipm.com/pmd/3604662.html
一个产品小白如何理解布尔表达式检索？,崔巍Bella,,2020-03-30,6759,1,0,0,http://www.woshipm.com/pmd/3612515.html
史上第一个产品经理诞生的启示,独思有疑,专注生活里的商业视角分析，公号：独思有疑,2020-03-30,263,0,0,0,http://www.woshipm.com/pmd/3614202.html
医疗产品经理应该具备哪些能力？,Rolia,公众号HPM news,2020-03-30,6864,15,6,2,http://www.woshipm.com/pmd/3612074.html
用OKR拆解法，做产品规划,狐檬,公众号：小狐学产品,2020-03-30,6803,7,1,1,http://www.woshipm.com/pmd/3612565.html
产品经理都应规避的四大傲慢与偏见,大Why,公众号：产品Why的好奇笔记,2020-03-30,6815,14,6,2,http://www.woshipm.com/pmd/3612055.html
产品的灵魂是什么？,平章大人,公众号：平章大人，就职腾讯-微信事业群,2020-03-30,5945,6,4,2,http://www.woshipm.com/pmd/3608023.html
产品经理入门及进阶修炼指南：七维能力模型,江天一隅,专注人工智能领域的产品狗,2020-03-30,2525,15,6,2,http://www.woshipm.com/pmd/3611100.html
从文案到产品经理，三个月成功转岗的心路历程,四顾剑,雪球产品经理,2020-03-30,2371,6,1,8,http://www.woshipm.com/pmd/3605696.html
产品经理需要哪些基本素质？,菡子同学,,2020-03-30,2023,0,1,0,http://www.woshipm.com/pmd/3609819.html
产品经理如何减少需求变更？,米粒,,2020-03-30,180,1,1,0,http://www.woshipm.com/pmd/3610295.html
从PRD文档到产品上线，有哪些问题需要解决？,一颗西兰花,Be Relentlessly Resourceful,2020-03-30,1683,3,0,0,http://www.woshipm.com/pmd/3606980.html
SaaS产品怎么做需求分析？,L.雪学产品,每份产品工作都是收获！,2020-03-30,252,2,1,0,http://www.woshipm.com/pmd/3610071.html
从0到1，外包公司如何完成项目孵化？,桃浪廿六,公众号：桃浪产品日记,2020-03-30,198,0,0,0,http://www.woshipm.com/pmd/3606142.html
从用户方、建设方、运营方谈谈：B端和C端产品,浩瀚星球,数据产品经理,2020-03-30,3731,17,3,0,http://www.woshipm.com/pmd/3607901.html
大厂面试题解析(3)：请列举一支笔的20种用途,产品经理的那点事儿,电商高级产品|公众号:产品经理的那点事儿,2020-03-30,4343,18,5,1,http://www.woshipm.com/pmd/3610979.html
产品经理如何打造自己的产品方法论？,尘寰,永远在入门的数据产品经理,2020-03-30,4213,23,12,1,http://www.woshipm.com/pmd/3605939.html
产品经理如何理解用户？,小酒馆,,2020-03-28,937,2,0,0,http://www.woshipm.com/pmd/3605543.html
以生活为例，带你理解产品研发流程,Derr1ck,,2020-03-28,6885,16,5,2,http://www.woshipm.com/pmd/3604934.html
要想避免项目延期，产品经理该怎么做？,时间怎么量,,2020-03-28,6322,6,3,0,http://www.woshipm.com/pmd/3603073.html
产品面试系列：你如何估算Google AdSense产生的收入?,Kris,产品汪，公众号 Kris产品成长之路,2020-03-28,2847,11,3,0,http://www.woshipm.com/pmd/3600802.html
B端产品，如何分类进行需求分析?,墨紫衣,,2020-03-28,2731,8,6,1,http://www.woshipm.com/pmd/3582807.html
如何有效防止项目延期？明确原因对症下药是关键,时间怎么量,,2020-03-27,6163,12,5,2,http://www.woshipm.com/pmd/3597667.html
SaaS做到什么程度就可以拿出去卖了？,司马特小队,专注B端产品， 订阅号：司马特小分队,2020-03-27,5211,14,5,1,http://www.woshipm.com/pmd/3601156.html
大话PM | 从 Project 看项目管理核心思想,iamxiarui,vx：大话产品经理  www.iamxiarui.com,2020-03-27,5204,7,2,0,http://www.woshipm.com/pmd/3597534.html
产品经理最喜欢的“提需求方式”是怎样的？,Yoga,非典型产品人，微信公众号：产品设计家,2020-03-27,4071,9,6,0,http://www.woshipm.com/pmd/3591998.html
产品经理10大基础技能（4）：用Python建立并分析RFM模型,LineLian,AI与数智一体化产品，个人微信 firstbodytm,2020-03-27,2207,13,11,0,http://www.woshipm.com/pmd/3598059.html
如何利用产品思维有效脱单？,小默爱运营,分享求职干货|运营分享&思考,2020-03-27,1354,5,1,0,http://www.woshipm.com/pmd/3593384.html
论产品经理的自我修炼（7）：如何进入快速成长通道？,西湖渔歌,,2020-03-26,677,5,0,0,http://www.woshipm.com/pmd/3595536.html
B端产品经理：如何提取调研有效信息？,南枫,,2020-03-26,3436,14,4,1,http://www.woshipm.com/pmd/3578777.html
解读云计算产品的可用性测试方法,DIDI,,2020-03-26,2216,2,5,0,http://www.woshipm.com/pmd/3582861.html
B端产品经理，应从哪些方面理解业务？,青木,不知名产品人，公众号：青木产品笔记,2020-03-26,4239,151,21,3,http://www.woshipm.com/pmd/3581943.html
提升 APP 以外的用户体验，为什么如此重要？,Jaycess,产品路漫漫,2020-03-26,1457,1,0,0,http://www.woshipm.com/pmd/3586479.html
陷入疫情困局，产品经理如何突围？,慕斯姑娘,微信号musiguniang  公众号“产品那些年”,2020-03-26,240,1,1,0,http://www.woshipm.com/pmd/3560902.html
如何从0到1做项目：项目规划篇,why,产品经理,2020-03-26,1632,20,7,4,http://www.woshipm.com/pmd/3562025.html
如何通过沟通需求，锻炼产品技能？,钟倾,,2020-03-25,7648,33,8,2,http://www.woshipm.com/pmd/3579992.html
阿里P8产品专家岗位面试流程全解析：10个问题6大解读,Echo小姐的产品论,B2B电商PM/知识服务PM/用研&心理学,2020-03-25,8579,41,12,9,http://www.woshipm.com/pmd/3579216.html
从产品经理角度，和你聊聊区块链,DEMO哥,野蛮生长产品汪，公众号：产品DEMO,2020-03-25,1921,17,4,2,http://www.woshipm.com/pmd/3576495.html
2B 产品的甲方、乙方合作心得,sjx,,2020-03-25,1732,0,1,0,http://www.woshipm.com/pmd/3584389.html
能打的产品经理，如何保证项目如期上线,Lisa Deng,教育公司产品总监 丽莎D的产品手记,2020-03-25,1808,13,4,2,http://www.woshipm.com/pmd/3576677.html
大厂面试题解析(2)：一辆校车能装下多少高尔夫球？,产品经理的那点事儿,电商高级产品|公众号:产品经理的那点事儿,2020-03-25,1619,6,2,5,http://www.woshipm.com/pmd/3562324.html
产品经理该如何系统地分析业务需求？,Swan,,2020-03-25,1982,13,4,2,http://www.woshipm.com/pmd/3573817.html
怎么用“单用户价值模型”，做新用户质量评估？,何其多多,手机行业AI产品汪（公众号：何其多多）,2020-03-25,2514,2,2,0,http://www.woshipm.com/pmd/3581851.html
产品经理的核心价值是什么？,jameson,,2020-03-25,2016,6,1,0,http://www.woshipm.com/pmd/3469548.html
基于B端产品，如何分析业务？,一岁半,公众号：一岁半Rita,2020-03-25,2793,24,7,0,http://www.woshipm.com/pmd/3564344.html
如何激活用户使用产品，让下载量更有价值？,Euzing,做自己~,2020-03-24,5483,9,1,2,http://www.woshipm.com/pmd/3559616.html
从产品和管理经营两个角度，搞定美团PM面试题,烧包鹿,公众号：产品经理小助理,2020-03-24,6637,15,9,4,http://www.woshipm.com/pmd/3575016.html
B端产品“竞品分析”的体系方法论,小瓶子姐姐,产品小姐姐分享（支付/账户/金融）,2020-03-24,3485,49,9,8,http://www.woshipm.com/pmd/3029354.html
哪些特征，能表现产品思维？,cassidy,产品经理资深导师,2020-03-24,3170,22,11,1,http://www.woshipm.com/pmd/3530120.html
优秀产品经理是如何写周报的？,vitamin,更多内容，请关注公众号：皮酱叨逼叨,2020-03-24,8823,271,32,17,http://www.woshipm.com/pmd/3554466.html
医疗产品经理：不了解行业规则，别盲目上马,Rolia,公众号HPM news,2020-03-24,2372,7,0,1,http://www.woshipm.com/pmd/3569852.html
如何接手数据产品（1）：找到业务的利益相关者（key stakeholder）,Stanley,资深大数据产品经理,2020-03-24,3199,7,5,0,http://www.woshipm.com/pmd/3565134.html
什么是商业型产品经理？能力要求是什么？,Tianmtl,产品观察者，用实践思维重构产品方法论。,2020-03-24,3609,15,3,3,http://www.woshipm.com/pmd/3564583.html
提升项目管理能力，你需要搞懂这6个关键问题,Wise,用户产品，公众号：becomewiser,2020-03-24,2086,8,4,0,http://www.woshipm.com/pmd/3563596.html
项目为什么会延期？,枯叶,公众号：枯叶咖啡馆,2020-03-24,1854,6,2,0,http://www.woshipm.com/pmd/3568557.html
从一场战役说起，产品如何竞争突围？,王撼宇,B端产品经理 公众号:pmhenry,2020-03-24,1475,3,0,0,http://www.woshipm.com/pmd/3566208.html
如何组建和管理产品团队，探索产品的边界,产品小思考,2B产品 公众号：产品小思考,2020-03-24,2413,7,2,0,http://www.woshipm.com/pmd/3567373.html
产品经理如何做功能设计？,善宝橘,桃李不言，下自成蹊。微信公众号：善宝橘,2020-03-24,3021,10,3,1,http://www.woshipm.com/pmd/3559557.html
项目管理：如何避免项目延期？,菜菜子,,2020-03-24,2299,8,2,0,http://www.woshipm.com/pmd/3559761.html
产品经理认知的十大误区，你避开了吗？,罗文琦,,2020-03-24,2490,9,9,1,http://www.woshipm.com/pmd/3558502.html
产品经理认知的十大误区，你避开了吗？,罗文琦,,2020-03-24,2490,9,9,1,http://www.woshipm.com/pmd/3558502.html
如何用“电梯演讲”表述你的产品愿景?,兔小吱,,2020-03-24,2013,8,2,0,http://www.woshipm.com/pmd/3548368.html
以后端系统为例，解析常用的需求调研方法,唧唧歪歪pm,公众号：jjyypm,2020-03-23,7455,16,9,0,http://www.woshipm.com/pmd/3567129.html
大厂面试题解析(1)：朋友圈视频最长时间为什么是15S？,产品经理的那点事儿,电商高级产品|公众号:产品经理的那点事儿,2020-03-23,1.1万,48,9,25,http://www.woshipm.com/pmd/3562316.html
5个要点，持续提升产品经理的核心竞争力,呱小鹏,产品一枚,2020-03-23,498,2,0,0,http://www.woshipm.com/pmd/3536693.html
没有人愿意用你的产品，你该怎么办？,莫志强,唯品会高级产品经理,2020-03-23,6560,23,9,5,http://www.woshipm.com/pmd/3571020.html
产品经理必备的项目管理知识点,刘大林,向心思考，向上成长,2020-03-23,6965,11,2,1,http://www.woshipm.com/pmd/3562449.html
入职一个月，产品新人的任务与思考,莫琳,初入茅庐一PM,2020-03-23,6354,9,8,6,http://www.woshipm.com/pmd/3505522.html
如何用产品思维谈恋爱？,阿境,产品经理一枚， 个人公众号【梦想家阿境】,2020-03-23,385,1,0,0,http://www.woshipm.com/pmd/3553549.html
B端产品立项怎么做？（附产品立项书模板）,弦子的Xian,互联网行业产品经理/学无止境 分享甚欢,2020-03-23,4802,17,5,2,http://www.woshipm.com/pmd/3551583.html
产品经理如何创建自己的需求池？,Viper,B端大数据PM，订阅号：产品经理交流馆,2020-03-23,510,5,3,0,http://www.woshipm.com/pmd/3554282.html
如何做新产品机会探索和立项 ？,阿外,阿里产品大厨。微信号：波悟馆,2020-03-22,8588,42,12,6,http://www.woshipm.com/pmd/3537265.html
如何实现敏捷软件开发？,飞鹰长空,https://www.cpstudy.com,2020-03-22,6498,9,2,0,http://www.woshipm.com/pmd/3544285.html
产品经理必须要有主人翁意识,产品慎思录,公众号：产品慎思录,2020-03-22,7921,18,7,3,http://www.woshipm.com/pmd/3548085.html
SaaS 产品经理：如何用“讲故事”的方式结合业务场景聊需求？,聿圆小屋,公众号：聿圆小屋,2020-03-22,3157,6,1,2,http://www.woshipm.com/pmd/3548607.html
用产品思维，解读“你生活地址半径3公里内，哪家超市最大”？,烧包鹿,公众号：产品经理小助理,2020-03-21,8100,37,14,15,http://www.woshipm.com/pmd/3557431.html
做一个标准化Saas到底有多难？,司马特小队,专注B端产品， 订阅号：司马特小分队,2020-03-21,6469,17,8,3,http://www.woshipm.com/pmd/3556659.html
产品小白如何掌握三大核心要素，解决用户需求？,汪仔8621,,2020-03-21,7773,35,17,4,http://www.woshipm.com/pmd/3552593.html
如何理解并实现「用户第一」？,阿外,阿里产品大厨。微信号：波悟馆,2020-03-20,1.2万,42,16,1,http://www.woshipm.com/pmd/3550748.html
产品经理如何跟用户搭讪？,烧包鹿,公众号：产品经理小助理,2020-03-20,9242,21,26,8,http://www.woshipm.com/pmd/3552508.html
掌握3个避免PRD遗漏的技巧，成为技术眼中的“靠谱人士”,归归类,前滴滴阿里高级产品经理,2020-03-20,2114,11,3,3,http://www.woshipm.com/pmd/3541657.html
从5个模块谈谈：To B 产品方法论,雪顶斜阳,,2020-03-20,6346,54,18,8,http://www.woshipm.com/pmd/3545074.html
SaaS产品的业务调研避坑指南,Carlos-梦,,2020-03-20,3587,7,1,1,http://www.woshipm.com/pmd/3548545.html
B端产品经理，如何构建企业用户画像？,青木,不知名产品人，公众号：青木产品笔记,2020-03-20,2128,17,5,0,http://www.woshipm.com/pmd/3542541.html
如何运用 $APPEALS 方法做竞品分析？,莫以浮笙🐇,,2020-03-20,1848,20,9,0,http://www.woshipm.com/pmd/3542523.html
想做好产品，你得先具备“渣男”思维,何银灯,,2020-03-19,9643,21,13,5,http://www.woshipm.com/pmd/3539763.html
究竟什么是产品思维？,石頭,一句话,2020-03-19,909,2,2,0,http://www.woshipm.com/pmd/3546667.html
关于内部使用系统，如何做产品调研？,汽车产品侠,,2020-03-19,6421,17,4,0,http://www.woshipm.com/pmd/3547920.html
3岁产品经理：关于产品/团队/个人提升的心得体会,朴老师,DY402122152,2020-03-19,6289,25,3,2,http://www.woshipm.com/pmd/3534285.html
关于SUS可用性量表的分值体系思考,吴和伟,上海 产品设计,2020-03-19,5843,2,1,0,http://www.woshipm.com/pmd/3474767.html
产品经理，如何用数据证明自己的价值？,王多鱼,东北小妞儿在广州,2020-03-19,6433,8,5,1,http://www.woshipm.com/pmd/3543451.html
产品经理，该如何在互联网下半场生存？,胜己半子,公号：胜己半子 ，知识星球：产品黄埔军校,2020-03-19,6248,9,9,2,http://www.woshipm.com/pmd/3543422.html
我做产品的九年感悟,枯叶,公众号：枯叶咖啡馆,2020-03-19,1.2万,107,54,16,http://www.woshipm.com/pmd/3548035.html
5个方法，让你远离“伪需求”,YanYanYan,,2020-03-19,397,3,1,0,http://www.woshipm.com/pmd/3540609.html
论产品经理的自我修炼（6）：如何练就产品必备的基础能力？,西湖渔歌,,2020-03-19,517,4,1,0,http://www.woshipm.com/pmd/3539478.html
怎么做硬件产品的需求分析？,贾明华,智能硬件PM一枚,2020-03-19,3669,6,2,0,http://www.woshipm.com/pmd/3184780.html
解析「产品笔试真题」的答题思路与参考答案,皮33,公众号：产品日记by133,2020-03-19,3547,8,2,3,http://www.woshipm.com/pmd/3536200.html
项目复盘，给我上了一场「产品规划」课,瑞安Ryan,公众号：瑞安的产品与象,2020-03-19,2364,11,7,0,http://www.woshipm.com/pmd/3533150.html
如何提高新手期用户的转化率？,海先生,个号：慢言录,2020-03-19,2002,8,0,2,http://www.woshipm.com/pmd/3537302.html
ToB 企业生财之道的5个秘密,ChangeWord,商业分析，产品架构，用户心理,2020-03-19,2332,9,9,3,http://www.woshipm.com/pmd/3531645.html
产品经理怎么写结构化PRD？,一颗西兰花,Be Relentlessly Resourceful,2020-03-19,4599,22,6,7,http://www.woshipm.com/pmd/3516749.html
3个步骤，教你对设计需求进行全面分析,羽翼单舞,个人公众号：Pony欧尼的日常,2020-03-19,2437,10,11,0,http://www.woshipm.com/pmd/3526838.html
产品经理如何找准产品切入点？,产品旺,,2020-03-18,7857,15,6,2,http://www.woshipm.com/pmd/3536287.html
零经验转型策略产品，你需要掌握这些知识点（2）,大鹏,《数据产品经理修炼手册》作者,2020-03-18,7239,4,3,3,http://www.woshipm.com/pmd/3533884.html
高阶数据产品：如何理解数据服务和业务的关系？,Yuki,热爱思考和学习的数据产品,2020-03-18,3169,15,5,0,http://www.woshipm.com/pmd/3307713.html
产品学习札记04：集体（角色）化与个体化产品杂谈,兮兮,公众号:孤身旅人（ID：gushenlvren）,2020-03-18,252,0,0,0,http://www.woshipm.com/pmd/3525924.html
对外服务的B端产品如何做好用户访谈？,稻草人,,2020-03-18,2923,18,3,0,http://www.woshipm.com/pmd/3529378.html
3个步骤，教你做软件版本规划,Lisa Deng,教育公司产品总监 丽莎D的产品手记,2020-03-18,2645,30,12,15,http://www.woshipm.com/pmd/3515971.html
title,author,author_des,date,views,loves,zans,comment_num,url
腾讯面试题：给视频设计一个评分功能？,june,某不知名创业公司产品负责人，校园创业者,2020-03-31,1,0,0,0,http://www.woshipm.com/pmd/3604662.html
一个产品小白如何理解布尔表达式检索？,崔巍Bella,,2020-03-30,6759,1,0,0,http://www.woshipm.com/pmd/3612515.html
史上第一个产品经理诞生的启示,独思有疑,专注生活里的商业视角分析，公号：独思有疑,2020-03-30,263,0,0,0,http://www.woshipm.com/pmd/3614202.html
医疗产品经理应该具备哪些能力？,Rolia,公众号HPM news,2020-03-30,6864,15,6,2,http://www.woshipm.com/pmd/3612074.html
用OKR拆解法，做产品规划,狐檬,公众号：小狐学产品,2020-03-30,6803,7,1,1,http://www.woshipm.com/pmd/3612565.html
产品经理都应规避的四大傲慢与偏见,大Why,公众号：产品Why的好奇笔记,2020-03-30,6815,14,6,2,http://www.woshipm.com/pmd/3612055.html
产品的灵魂是什么？,平章大人,公众号：平章大人，就职腾讯-微信事业群,2020-03-30,5945,6,4,2,http://www.woshipm.com/pmd/3608023.html
产品经理入门及进阶修炼指南：七维能力模型,江天一隅,专注人工智能领域的产品狗,2020-03-30,2525,15,6,2,http://www.woshipm.com/pmd/3611100.html
从文案到产品经理，三个月成功转岗的心路历程,四顾剑,雪球产品经理,2020-03-30,2371,6,1,8,http://www.woshipm.com/pmd/3605696.html
产品经理需要哪些基本素质？,菡子同学,,2020-03-30,2023,0,1,0,http://www.woshipm.com/pmd/3609819.html
产品经理如何减少需求变更？,米粒,,2020-03-30,180,1,1,0,http://www.woshipm.com/pmd/3610295.html
从PRD文档到产品上线，有哪些问题需要解决？,一颗西兰花,Be Relentlessly Resourceful,2020-03-30,1683,3,0,0,http://www.woshipm.com/pmd/3606980.html
SaaS产品怎么做需求分析？,L.雪学产品,每份产品工作都是收获！,2020-03-30,252,2,1,0,http://www.woshipm.com/pmd/3610071.html
从0到1，外包公司如何完成项目孵化？,桃浪廿六,公众号：桃浪产品日记,2020-03-30,198,0,0,0,http://www.woshipm.com/pmd/3606142.html
从用户方、建设方、运营方谈谈：B端和C端产品,浩瀚星球,数据产品经理,2020-03-30,3731,17,3,0,http://www.woshipm.com/pmd/3607901.html
大厂面试题解析(3)：请列举一支笔的20种用途,产品经理的那点事儿,电商高级产品|公众号:产品经理的那点事儿,2020-03-30,4343,18,5,1,http://www.woshipm.com/pmd/3610979.html
产品经理如何打造自己的产品方法论？,尘寰,永远在入门的数据产品经理,2020-03-30,4213,23,12,1,http://www.woshipm.com/pmd/3605939.html
产品经理如何理解用户？,小酒馆,,2020-03-28,939,2,0,0,http://www.woshipm.com/pmd/3605543.html
以生活为例，带你理解产品研发流程,Derr1ck,,2020-03-28,6885,16,5,2,http://www.woshipm.com/pmd/3604934.html
要想避免项目延期，产品经理该怎么做？,时间怎么量,,2020-03-28,6322,6,3,0,http://www.woshipm.com/pmd/3603073.html
产品面试系列：你如何估算Google AdSense产生的收入?,Kris,产品汪，公众号 Kris产品成长之路,2020-03-28,2847,11,3,0,http://www.woshipm.com/pmd/3600802.html
B端产品，如何分类进行需求分析?,墨紫衣,,2020-03-28,2731,8,6,1,http://www.woshipm.com/pmd/3582807.html
如何有效防止项目延期？明确原因对症下药是关键,时间怎么量,,2020-03-27,6163,12,5,2,http://www.woshipm.com/pmd/3597667.html
SaaS做到什么程度就可以拿出去卖了？,司马特小队,专注B端产品， 订阅号：司马特小分队,2020-03-27,5211,14,5,1,http://www.woshipm.com/pmd/3601156.html
title,author,author_des,date,views,loves,zans,comment_num,url
SaaS产品怎么做需求分析？,L.雪学产品,每份产品工作都是收获！,2020-03-30,252,2,1,0,http://www.woshipm.com/pmd/3610071.html
从0到1，外包公司如何完成项目孵化？,桃浪廿六,公众号：桃浪产品日记,2020-03-30,198,0,0,0,http://www.woshipm.com/pmd/3606142.html
从用户方、建设方、运营方谈谈：B端和C端产品,浩瀚星球,数据产品经理,2020-03-30,3731,17,3,0,http://www.woshipm.com/pmd/3607901.html
大厂面试题解析(3)：请列举一支笔的20种用途,产品经理的那点事儿,电商高级产品|公众号:产品经理的那点事儿,2020-03-30,4343,18,5,1,http://www.woshipm.com/pmd/3610979.html
产品经理如何打造自己的产品方法论？,尘寰,永远在入门的数据产品经理,2020-03-30,4213,23,12,1,http://www.woshipm.com/pmd/3605939.html
产品经理如何理解用户？,小酒馆,,2020-03-28,939,2,0,0,http://www.woshipm.com/pmd/3605543.html
以生活为例，带你理解产品研发流程,Derr1ck,,2020-03-28,6888,16,5,2,http://www.woshipm.com/pmd/3604934.html
要想避免项目延期，产品经理该怎么做？,时间怎么量,,2020-03-28,6322,6,3,0,http://www.woshipm.com/pmd/3603073.html
产品面试系列：你如何估算Google AdSense产生的收入?,Kris,产品汪，公众号 Kris产品成长之路,2020-03-28,2847,11,3,0,http://www.woshipm.com/pmd/3600802.html
B端产品，如何分类进行需求分析?,墨紫衣,,2020-03-28,2731,8,6,1,http://www.woshipm.com/pmd/3582807.html
如何有效防止项目延期？明确原因对症下药是关键,时间怎么量,,2020-03-27,6163,12,5,2,http://www.woshipm.com/pmd/3597667.html
SaaS做到什么程度就可以拿出去卖了？,司马特小队,专注B端产品， 订阅号：司马特小分队,2020-03-27,5211,14,5,1,http://www.woshipm.com/pmd/3601156.html
title,author,author_des,date,views,loves,zans,comment_num,url
SaaS产品怎么做需求分析？,L.雪学产品,每份产品工作都是收获！,2020-03-30,252,2,1,0,http://www.woshipm.com/pmd/3610071.html
从0到1，外包公司如何完成项目孵化？,桃浪廿六,公众号：桃浪产品日记,2020-03-30,198,0,0,0,http://www.woshipm.com/pmd/3606142.html
从用户方、建设方、运营方谈谈：B端和C端产品,浩瀚星球,数据产品经理,2020-03-30,3731,17,3,0,http://www.woshipm.com/pmd/3607901.html
大厂面试题解析(3)：请列举一支笔的20种用途,产品经理的那点事儿,电商高级产品|公众号:产品经理的那点事儿,2020-03-30,4354,18,5,0,http://www.woshipm.com/pmd/3610979.html
产品经理如何打造自己的产品方法论？,尘寰,永远在入门的数据产品经理,2020-03-30,4213,23,12,1,http://www.woshipm.com/pmd/3605939.html
产品经理如何理解用户？,小酒馆,,2020-03-28,939,2,0,0,http://www.woshipm.com/pmd/3605543.html
以生活为例，带你理解产品研发流程,Derr1ck,,2020-03-28,6888,16,5,2,http://www.woshipm.com/pmd/3604934.html
要想避免项目延期，产品经理该怎么做？,时间怎么量,,2020-03-28,6322,6,3,0,http://www.woshipm.com/pmd/3603073.html
产品面试系列：你如何估算Google AdSense产生的收入?,Kris,产品汪，公众号 Kris产品成长之路,2020-03-28,2847,11,3,0,http://www.woshipm.com/pmd/3600802.html
B端产品，如何分类进行需求分析?,墨紫衣,,2020-03-28,2731,8,6,1,http://www.woshipm.com/pmd/3582807.html
如何有效防止项目延期？明确原因对症下药是关键,时间怎么量,,2020-03-27,6163,12,5,2,http://www.woshipm.com/pmd/3597667.html
SaaS做到什么程度就可以拿出去卖了？,司马特小队,专注B端产品， 订阅号：司马特小分队,2020-03-27,5211,14,5,1,http://www.woshipm.com/pmd/3601156.html
title,author,author_des,date,views,loves,zans,comment_num,url
有什么办法能辨别需求真伪？,一生有你,,2020-03-27,4760,13,2,0,http://www.woshipm.com/pmd/3592738.html
大话PM | 从 Project 看项目管理核心思想,iamxiarui,vx：大话产品经理  www.iamxiarui.com,2020-03-27,5204,7,2,0,http://www.woshipm.com/pmd/3597534.html
产品经理最喜欢的“提需求方式”是怎样的？,Yoga,非典型产品人，微信公众号：产品设计家,2020-03-27,4076,9,6,0,http://www.woshipm.com/pmd/3591998.html
产品经理10大基础技能（4）：用Python建立并分析RFM模型,LineLian,AI与数智一体化产品，个人微信 firstbodytm,2020-03-27,2230,13,11,0,http://www.woshipm.com/pmd/3598059.html
如何利用产品思维有效脱单？,小默爱运营,分享求职干货|运营分享&思考,2020-03-27,1354,5,1,0,http://www.woshipm.com/pmd/3593384.html
论产品经理的自我修炼（7）：如何进入快速成长通道？,西湖渔歌,,2020-03-26,677,5,0,0,http://www.woshipm.com/pmd/3595536.html
B端产品经理：如何提取调研有效信息？,南枫,,2020-03-26,3439,14,4,1,http://www.woshipm.com/pmd/3578777.html
解读云计算产品的可用性测试方法,DIDI,,2020-03-26,2216,2,5,0,http://www.woshipm.com/pmd/3582861.html
B端产品经理，应从哪些方面理解业务？,青木,不知名产品人，公众号：青木产品笔记,2020-03-26,4239,151,21,3,http://www.woshipm.com/pmd/3581943.html
提升 APP 以外的用户体验，为什么如此重要？,Jaycess,产品路漫漫,2020-03-26,1457,1,0,0,http://www.woshipm.com/pmd/3586479.html
陷入疫情困局，产品经理如何突围？,慕斯姑娘,微信号musiguniang  公众号“产品那些年”,2020-03-26,240,1,1,0,http://www.woshipm.com/pmd/3560902.html
如何从0到1做项目：项目规划篇,why,产品经理,2020-03-26,1632,20,7,4,http://www.woshipm.com/pmd/3562025.html
如何通过沟通需求，锻炼产品技能？,钟倾,,2020-03-25,7648,33,8,2,http://www.woshipm.com/pmd/3579992.html
阿里P8产品专家岗位面试流程全解析：10个问题6大解读,Echo小姐的产品论,B2B电商PM/知识服务PM/用研&心理学,2020-03-25,8579,41,12,9,http://www.woshipm.com/pmd/3579216.html
从产品经理角度，和你聊聊区块链,DEMO哥,野蛮生长产品汪，公众号：产品DEMO,2020-03-25,1921,17,4,2,http://www.woshipm.com/pmd/3576495.html
2B 产品的甲方、乙方合作心得,sjx,,2020-03-25,1732,0,1,0,http://www.woshipm.com/pmd/3584389.html
能打的产品经理，如何保证项目如期上线,Lisa Deng,教育公司产品总监 丽莎D的产品手记,2020-03-25,1809,13,4,2,http://www.woshipm.com/pmd/3576677.html
大厂面试题解析(2)：一辆校车能装下多少高尔夫球？,产品经理的那点事儿,电商高级产品|公众号:产品经理的那点事儿,2020-03-25,1619,6,2,5,http://www.woshipm.com/pmd/3562324.html
产品经理该如何系统地分析业务需求？,Swan,,2020-03-25,1985,13,4,2,http://www.woshipm.com/pmd/3573817.html
怎么用“单用户价值模型”，做新用户质量评估？,何其多多,手机行业AI产品汪（公众号：何其多多）,2020-03-25,2514,2,2,0,http://www.woshipm.com/pmd/3581851.html
产品经理的核心价值是什么？,jameson,,2020-03-25,2020,6,1,0,http://www.woshipm.com/pmd/3469548.html
基于B端产品，如何分析业务？,一岁半,公众号：一岁半Rita,2020-03-25,2797,24,7,0,http://www.woshipm.com/pmd/3564344.html
如何激活用户使用产品，让下载量更有价值？,Euzing,做自己~,2020-03-24,5483,9,1,2,http://www.woshipm.com/pmd/3559616.html
从产品和管理经营两个角度，搞定美团PM面试题,烧包鹿,公众号：产品经理小助理,2020-03-24,6637,15,9,4,http://www.woshipm.com/pmd/3575016.html
